{
  "kb_id": "recipes_kb",
  "dataset": "ragas_dataset.json",
  "top_k": 5,
  "metrics": {
    "recall@k": 0.8333333333333334,
    "precision@k": 0.7638888888888888,
    "mrr": 0.7916666666666666,
    "hit_rate@k": 0.8333333333333334,
    "f1_score": 0.7971014492753623
  }
}